xd_id,world_region
xd1,Africa
xd2,Africa
xd3,Africa
xd4,Africa
xd5,Africa
xd6,Africa
xd7,Africa
xd8,Africa
xd9,Africa
xd10,Africa
xd11,Africa
xd12,Africa
xd13,Africa
xd14,Africa
xd15,Africa
xd16,Africa
xd17,Africa
xd18,Africa
xd19,Africa
xd20,Africa
xd21,Africa
xd22,Africa
xd23,Africa
xd24,Africa
xd25,Africa
xd26,Africa
xd27,Africa
xd28,Africa
xd29,Africa
xd30,Africa
xd31,Africa
xd32,Africa
xd33,Africa
xd34,Africa
xd35,Africa
xd36,Africa
xd37,Africa
xd38,Africa
xd39,Africa
xd40,Africa
xd41,Africa
xd42,Africa
xd43,Africa
xd44,Africa
xd45,Africa
xd46,Africa
xd47,Africa
xd48,Africa
xd49,Africa
xd50,Africa
xd51,Africa
xd52,Africa
xd53,Africa
xd54,Africa
xd55,Africa
xd56,Africa
xd57,Africa
xd58,Africa
xd59,Africa
xd60,Africa
xd61,Africa
xd62,Africa
xd63,Africa
xd64,Africa
xd65,Africa
xd66,Africa
xd67,Africa
xd68,Africa
xd69,Africa
xd70,Africa
xd71,Africa
xd72,Africa
xd73,Africa
xd74,Africa
xd75,Africa
xd76,Africa
xd77,Africa
xd78,Africa
xd79,Africa
xd80,Africa
xd81,Africa
xd82,Africa
xd83,Africa
xd84,Africa
xd85,Africa
xd86,Africa
xd87,Africa
xd88,Africa
xd89,Africa
xd90,Africa
xd91,Africa
xd92,Africa
xd93,Africa
xd94,Africa
xd95,Africa
xd96,Africa
xd97,Africa
xd98,Africa
xd99,Africa
xd100,Africa
xd101,Africa
xd102,Africa
xd103,Africa
xd104,Africa
xd105,Africa
xd106,Africa
xd107,Africa
xd108,Africa
xd109,Africa
xd110,Africa
xd111,Africa
xd112,Africa
xd113,Africa
xd114,Africa
xd115,Africa
xd116,Africa
xd117,Africa
xd118,Africa
xd119,Africa
xd120,Africa
xd121,Africa
xd122,Africa
xd123,Africa
xd124,Africa
xd125,Africa
xd126,Africa
xd127,Africa
xd128,Africa
xd129,Africa
xd130,Africa
xd131,Africa
xd132,Africa
xd133,Africa
xd134,Africa
xd135,Africa
xd136,Africa
xd137,Africa
xd138,Africa
xd139,Africa
xd140,Africa
xd141,Africa
xd142,Africa
xd143,Africa
xd144,Africa
xd145,Africa
xd146,Africa
xd147,Africa
xd148,Africa
xd149,Africa
xd150,Africa
xd151,Africa
xd152,Africa
xd153,Africa
xd154,Africa
xd155,Africa
xd156,Africa
xd157,Africa
xd158,Africa
xd159,Africa
xd160,Africa
xd161,Africa
xd162,Africa
xd163,Africa
xd164,Africa
xd165,Africa
xd166,Africa
xd167,Africa
xd168,Africa
xd169,Africa
xd170,Africa
xd171,Africa
xd172,Africa
xd173,Africa
xd174,Africa
xd175,Africa
xd176,Africa
xd177,Africa
xd178,Africa
xd179,Africa
xd180,Africa
xd181,Africa
xd182,Africa
xd183,Africa
xd184,Africa
xd185,Africa
xd186,Africa
xd187,Africa
xd188,Africa
xd189,Africa
xd190,Africa
xd191,Africa
xd192,Africa
xd193,Africa
xd194,Africa
xd195,Africa
xd196,Africa
xd197,Africa
xd198,Africa
xd199,Africa
xd200,Africa
xd201,Africa
xd202,Africa
xd203,Africa
xd204,Africa
xd205,Africa
xd206,Africa
xd207,Africa
xd208,Africa
xd209,Africa
xd210,Africa
xd211,Africa
xd212,Africa
xd213,Africa
xd214,Africa
xd215,Africa
xd216,Africa
xd217,Africa
xd218,Africa
xd219,Africa
xd220,Africa
xd221,Africa
xd222,Africa
xd223,Africa
xd224,Africa
xd225,Africa
xd226,Africa
xd227,Africa
xd228,Africa
xd229,Africa
xd230,Africa
xd231,Africa
xd232,Africa
xd233,Africa
xd234,Africa
xd235,Africa
xd236,Africa
xd237,Africa
xd238,Africa
xd239,Africa
xd240,Africa
xd241,Africa
xd242,Africa
xd243,Africa
xd244,Africa
xd245,Africa
xd246,Africa
xd247,Africa
xd248,Africa
xd249,Africa
xd250,Africa
xd251,Africa
xd252,Africa
xd253,Africa
xd254,Africa
xd255,Africa
xd256,Africa
xd257,Africa
xd258,Africa
xd259,Africa
xd260,Africa
xd261,Africa
xd262,Africa
xd263,Africa
xd264,Africa
xd265,Africa
xd266,Africa
xd267,Africa
xd268,Africa
xd269,Africa
xd270,Africa
xd271,Africa
xd272,Africa
xd273,Africa
xd274,Africa
xd275,Africa
xd276,Africa
xd277,Africa
xd278,Africa
xd279,Africa
xd280,Africa
xd281,Africa
xd282,Africa
xd283,Africa
xd284,Africa
xd285,Africa
xd286,Africa
xd287,Africa
xd288,Africa
xd289,Africa
xd290,Africa
xd291,Africa
xd292,Africa
xd293,Africa
xd294,Africa
xd295,Africa
xd296,Africa
xd297,Africa
xd298,Africa
xd299,Africa
xd300,Africa
xd301,Africa
xd302,Africa
xd303,Africa
xd304,Africa
xd305,Eurasia
xd306,Africa
xd307,Eurasia
xd308,Africa
xd309,Africa
xd310,Africa
xd311,Africa
xd312,Africa
xd313,Africa
xd314,Africa
xd315,Africa
xd316,Africa
xd317,Africa
xd318,Africa
xd319,Africa
xd320,Africa
xd321,Africa
xd322,Africa
xd323,Africa
xd324,Africa
xd325,Eurasia
xd326,Eurasia
xd327,Eurasia
xd328,Eurasia
xd329,Eurasia
xd330,Eurasia
xd331,Africa
xd332,Eurasia
xd333,Africa
xd334,Eurasia
xd335,Africa
xd336,Africa
xd337,Africa
xd338,Africa
xd339,Africa
xd340,Africa
xd341,Africa
xd342,Africa
xd343,Africa
xd344,Africa
xd345,Eurasia
xd346,Eurasia
xd347,Eurasia
xd348,Africa
xd349,Africa
xd350,Africa
xd351,Africa
xd352,Africa
xd353,Africa
xd354,Africa
xd355,Africa
xd356,Africa
xd357,Africa
xd358,Africa
xd359,Africa
xd360,Africa
xd361,Africa
xd362,Africa
xd363,Africa
xd364,Africa
xd365,Africa
xd366,Africa
xd367,Africa
xd368,Africa
xd369,Africa
xd370,Africa
xd371,Africa
xd372,Africa
xd373,Africa
xd374,Africa
xd375,Africa
xd376,Africa
xd377,Africa
xd378,Africa
xd379,Africa
xd380,Africa
xd381,Africa
xd382,Africa
xd383,Eurasia
xd384,Africa
xd385,Africa
xd386,Africa
xd387,Africa
xd388,Africa
xd389,Africa
xd390,Africa
xd391,Africa
xd392,Africa
xd393,Africa
xd394,Africa
xd395,Africa
xd396,Africa
xd397,Africa
xd398,Africa
xd399,Africa
xd400,Africa
xd401,Africa
xd402,Africa
xd403,Africa
xd404,Africa
xd405,Africa
xd406,Africa
xd407,Africa
xd408,Africa
xd409,Africa
xd410,Africa
xd411,Africa
xd412,Africa
xd413,Africa
xd414,Africa
xd415,Eurasia
xd416,Eurasia
xd417,Eurasia
xd418,Eurasia
xd419,Eurasia
xd420,Eurasia
xd421,Eurasia
xd422,Eurasia
xd423,Eurasia
xd424,Eurasia
xd425,Africa
xd426,Eurasia
xd427,Eurasia
xd428,Africa
xd429,Africa
xd430,Africa
xd431,Africa
xd432,Africa
xd433,Africa
xd434,Africa
xd435,Africa
xd436,Africa
xd437,Eurasia
xd438,Africa
xd439,Eurasia
xd440,Africa
xd441,Africa
xd442,Eurasia
xd443,Eurasia
xd444,Eurasia
xd445,Eurasia
xd446,Eurasia
xd447,Eurasia
xd448,Eurasia
xd449,Africa
xd450,Africa
xd451,Africa
xd452,Eurasia
xd453,Eurasia
xd454,Eurasia
xd455,Eurasia
xd456,Eurasia
xd457,Eurasia
xd458,Eurasia
xd459,Eurasia
xd460,Africa
xd461,Eurasia
xd462,Eurasia
xd463,Eurasia
xd464,Africa
xd465,Eurasia
xd466,Africa
xd467,Africa
xd468,Africa
xd469,Africa
xd470,Africa
xd471,Africa
xd472,Africa
xd473,Africa
xd474,Africa
xd475,Eurasia
xd476,Eurasia
xd477,Eurasia
xd478,Eurasia
xd479,Eurasia
xd480,Africa
xd481,Eurasia
xd482,Eurasia
xd483,Eurasia
xd484,Eurasia
xd485,Africa
xd486,Eurasia
xd487,Eurasia
xd488,Eurasia
xd489,Eurasia
xd490,Eurasia
xd491,Eurasia
xd492,Africa
xd493,Eurasia
xd494,Eurasia
xd495,Eurasia
xd496,Eurasia
xd497,Eurasia
xd498,Africa
xd499,Eurasia
xd500,Eurasia
xd501,Eurasia
xd502,Eurasia
xd503,Eurasia
xd504,Eurasia
xd505,Eurasia
xd506,Eurasia
xd507,Africa
xd508,Eurasia
xd509,Eurasia
xd510,Eurasia
xd511,Eurasia
xd512,Eurasia
xd513,Eurasia
xd514,Eurasia
xd515,Eurasia
xd516,Eurasia
xd517,Eurasia
xd518,Eurasia
xd519,Eurasia
xd520,Eurasia
xd521,Eurasia
xd522,Eurasia
xd523,Eurasia
xd524,Eurasia
xd525,Eurasia
xd526,Eurasia
xd527,Eurasia
xd528,Eurasia
xd529,Eurasia
xd530,Eurasia
xd531,Eurasia
xd532,Eurasia
xd533,Eurasia
xd534,Eurasia
xd535,Eurasia
xd536,Eurasia
xd537,Eurasia
xd538,Eurasia
xd539,Eurasia
xd540,Eurasia
xd541,Eurasia
xd542,Eurasia
xd543,Eurasia
xd544,Eurasia
xd545,Eurasia
xd546,Eurasia
xd547,Eurasia
xd548,Eurasia
xd557,Eurasia
xd567,Eurasia
xd568,Eurasia
xd569,Eurasia
xd570,Eurasia
xd571,Eurasia
xd572,Eurasia
xd573,Eurasia
xd574,Eurasia
xd575,Eurasia
xd576,Eurasia
xd577,Eurasia
xd578,Eurasia
xd579,Eurasia
xd580,Eurasia
xd581,Eurasia
xd582,Eurasia
xd583,Eurasia
xd584,Eurasia
xd585,Eurasia
xd586,Eurasia
xd587,Eurasia
xd588,Eurasia
xd589,Eurasia
xd590,Eurasia
xd591,Eurasia
xd592,Eurasia
xd593,Eurasia
xd594,Eurasia
xd595,Eurasia
xd596,Eurasia
xd597,Eurasia
xd598,Eurasia
xd599,Eurasia
xd600,Eurasia
xd601,Eurasia
xd602,Eurasia
xd603,Eurasia
xd604,Eurasia
xd605,Eurasia
xd607,Eurasia
xd608,Eurasia
xd609,Eurasia
xd610,Eurasia
xd611,Eurasia
xd612,Eurasia
xd613,Eurasia
xd614,Eurasia
xd615,Eurasia
xd616,Eurasia
xd617,Eurasia
xd618,Eurasia
xd619,Eurasia
xd628,Eurasia
xd631,Eurasia
xd632,Eurasia
xd633,Eurasia
xd634,Eurasia
xd635,Eurasia
xd636,Eurasia
xd637,Eurasia
xd638,Eurasia
xd639,Eurasia
xd640,Eurasia
xd641,Eurasia
xd642,Eurasia
xd643,Eurasia
xd644,Eurasia
xd645,Eurasia
xd646,Eurasia
xd647,Eurasia
xd648,Eurasia
xd649,Eurasia
xd650,Eurasia
xd651,Eurasia
xd652,Eurasia
xd653,Eurasia
xd654,Eurasia
xd655,Eurasia
xd656,Eurasia
xd657,Eurasia
xd658,Eurasia
xd659,Eurasia
xd660,Eurasia
xd661,Eurasia
xd662,Eurasia
xd663,Eurasia
xd664,Eurasia
xd666,Eurasia
xd667,Eurasia
xd668,Eurasia
xd669,Eurasia
xd670,Eurasia
xd671,Eurasia
xd672,Eurasia
xd673,Eurasia
xd674,Eurasia
xd675,Eurasia
xd676,Eurasia
xd677,Eurasia
xd678,Eurasia
xd679,Eurasia
xd680,Eurasia
xd681,Eurasia
xd682,Eurasia
xd683,Eurasia
xd684,Eurasia
xd685,Eurasia
xd687,Eurasia
xd688,Eurasia
xd689,Eurasia
xd690,Eurasia
xd691,Eurasia
xd692,Eurasia
xd693,Eurasia
xd694,Eurasia
xd695,Eurasia
xd696,Eurasia
xd697,Eurasia
xd698,Eurasia
xd699,Eurasia
xd700,Eurasia
xd701,Eurasia
xd702,Eurasia
xd703,Eurasia
xd704,Eurasia
xd705,Eurasia
xd706,Eurasia
xd707,Eurasia
xd708,Eurasia
xd709,Eurasia
xd710,Eurasia
xd711,Eurasia
xd712,Eurasia
xd713,Eurasia
xd714,Eurasia
xd715,Eurasia
xd716,Eurasia
xd717,Eurasia
xd718,Eurasia
xd719,Eurasia
xd720,Eurasia
xd721,Eurasia
xd722,Eurasia
xd723,Eurasia
xd724,Eurasia
xd725,Eurasia
xd726,Eurasia
xd727,Eurasia
xd728,Eurasia
xd729,Eurasia
xd730,Eurasia
xd731,Eurasia
xd732,Eurasia
xd733,Eurasia
xd734,Eurasia
xd735,Eurasia
xd736,Eurasia
xd737,Eurasia
xd738,Eurasia
xd739,Eurasia
xd740,Eurasia
xd741,Eurasia
xd742,Eurasia
xd743,Eurasia
xd744,Eurasia
xd745,Eurasia
xd746,Eurasia
xd747,Eurasia
xd748,Eurasia
xd749,Eurasia
xd750,Eurasia
xd751,Eurasia
xd752,Eurasia
xd753,Eurasia
xd754,Eurasia
xd755,Eurasia
xd756,Eurasia
xd757,Eurasia
xd758,Eurasia
xd759,Eurasia
xd760,Sahul
xd762,Eurasia
xd763,Eurasia
xd764,Sahul
xd765,Eurasia
xd766,Eurasia
xd767,Eurasia
xd768,Eurasia
xd769,Eurasia
xd770,Eurasia
xd771,Eurasia
xd772,Sahul
xd773,Sahul
xd774,Sahul
xd775,Sahul
xd776,Sahul
xd777,Sahul
xd778,Sahul
xd779,Sahul
xd780,Sahul
xd781,Sahul
xd782,Sahul
xd784,Sahul
xd785,Sahul
xd786,Eurasia
xd787,Sahul
xd788,Sahul
xd789,Sahul
xd790,Sahul
xd791,Sahul
xd792,Sahul
xd793,Sahul
xd794,Sahul
xd795,Sahul
xd796,Sahul
xd797,Sahul
xd798,Sahul
xd799,Eurasia
xd800,Sahul
xd801,Sahul
xd802,Sahul
xd803,Eurasia
xd804,Sahul
xd805,Eurasia
xd806,Eurasia
xd807,Sahul
xd808,Sahul
xd809,Sahul
xd810,Eurasia
xd811,Sahul
xd812,Eurasia
xd813,Sahul
xd814,Sahul
xd815,Sahul
xd816,Sahul
xd817,Sahul
xd818,Eurasia
xd819,Sahul
xd820,Eurasia
xd821,Sahul
xd822,Sahul
xd823,Sahul
xd824,Eurasia
xd825,Eurasia
xd826,Eurasia
xd827,Eurasia
xd828,Eurasia
xd829,Eurasia
xd830,Eurasia
xd831,Eurasia
xd832,Eurasia
xd833,Eurasia
xd834,Eurasia
xd835,Eurasia
xd836,Eurasia
xd837,Eurasia
xd838,Eurasia
xd839,Eurasia
xd840,Eurasia
xd841,Sahul
xd842,Eurasia
xd843,Sahul
xd844,Eurasia
xd845,Eurasia
xd846,Eurasia
xd847,Eurasia
xd848,Eurasia
xd849,Eurasia
xd850,Eurasia
xd851,Eurasia
xd852,Eurasia
xd853,Eurasia
xd854,Sahul
xd855,Eurasia
xd856,Eurasia
xd857,Eurasia
xd858,Eurasia
xd859,Eurasia
xd860,Eurasia
xd861,Eurasia
xd862,Eurasia
xd863,Eurasia
xd864,Eurasia
xd865,Eurasia
xd866,Eurasia
xd867,Eurasia
xd868,Eurasia
xd869,Eurasia
xd870,Eurasia
xd871,Eurasia
xd872,Eurasia
xd873,Eurasia
xd874,Eurasia
xd875,Eurasia
xd876,Eurasia
xd877,Eurasia
xd878,Eurasia
xd879,Eurasia
xd880,Eurasia
xd881,Eurasia
xd882,Eurasia
xd883,Eurasia
xd884,Eurasia
xd885,Eurasia
xd886,Eurasia
xd887,Eurasia
xd888,Eurasia
xd889,Eurasia
xd890,Eurasia
xd891,Eurasia
xd892,Eurasia
xd893,Eurasia
xd894,Eurasia
xd895,Eurasia
xd896,Eurasia
xd897,Eurasia
xd898,Eurasia
xd1026,Americas
xd1027,Americas
xd1028,Americas
xd1029,Americas
xd1030,Americas
xd1031,Americas
xd1032,Americas
xd1033,Americas
xd1034,Americas
xd1035,Americas
xd1036,Americas
xd1037,Americas
xd1038,Americas
xd1025,Americas
xd1039,Americas
xd1040,Americas
xd1041,Americas
xd1042,Americas
xd1043,Americas
xd1044,Americas
xd1045,Americas
xd1022,Americas
xd1046,Americas
xd1047,Americas
xd1048,Americas
xd1049,Americas
xd1050,Americas
xd1051,Americas
xd1052,Americas
xd1053,Americas
xd1054,Americas
xd1055,Americas
xd1056,Americas
xd1057,Americas
xd1058,Americas
xd1059,Americas
xd1060,Americas
xd1061,Americas
xd1062,Americas
xd1063,Americas
xd1064,Americas
xd1065,Americas
xd1066,Americas
xd1067,Americas
xd1068,Americas
xd1069,Americas
xd1070,Americas
xd1071,Americas
xd1072,Americas
xd1073,Americas
xd1074,Americas
xd1075,Americas
xd1076,Americas
xd1078,Americas
xd1079,Americas
xd1080,Americas
xd1082,Americas
xd1083,Americas
xd1084,Americas
xd1085,Americas
xd1086,Americas
xd1087,Americas
xd1090,Americas
xd1092,Americas
xd1095,Americas
xd1096,Americas
xd1097,Americas
xd1098,Americas
xd1099,Americas
xd1100,Americas
xd1101,Americas
xd1102,Americas
xd1103,Americas
xd1104,Americas
xd1105,Americas
xd1106,Americas
xd1107,Americas
xd1108,Americas
xd1110,Americas
xd1111,Americas
xd1112,Americas
xd1115,Americas
xd1116,Americas
xd1117,Americas
xd1118,Americas
xd1120,Americas
xd1121,Americas
xd1122,Americas
xd1123,Americas
xd1124,Americas
xd1126,Americas
xd1128,Americas
xd1129,Americas
xd1130,Americas
xd1131,Americas
xd1132,Americas
xd1133,Americas
xd1134,Americas
xd1135,Americas
xd1136,Americas
xd1137,Americas
xd1141,Americas
xd1142,Americas
xd1143,Americas
xd1144,Americas
xd1145,Americas
xd1146,Americas
xd1147,Americas
xd1148,Americas
xd1149,Americas
xd1150,Americas
xd1151,Americas
xd1152,Americas
xd1153,Americas
xd1154,Americas
xd1155,Americas
xd1156,Americas
xd1157,Americas
xd1158,Americas
xd992,Americas
xd1160,Americas
xd1161,Americas
xd1162,Americas
xd1163,Americas
xd1164,Americas
xd1165,Americas
xd1166,Americas
xd1167,Americas
xd1168,Americas
xd1169,Americas
xd1170,Americas
xd1171,Americas
xd1172,Americas
xd995,Americas
xd1174,Americas
xd1175,Americas
xd1176,Americas
xd1177,Americas
xd1178,Americas
xd1179,Americas
xd1180,Americas
xd1182,Americas
xd1181,Americas
xd1183,Americas
xd1184,Americas
xd1185,Americas
xd1186,Americas
xd1187,Americas
xd1188,Americas
xd1189a,Americas
xd1190,Americas
xd1189b,Americas
xd1192,Americas
xd1193,Americas
xd1194,Americas
xd1195,Americas
xd1196,Americas
xd1197,Americas
xd1198,Americas
xd1199,Americas
xd1200,Americas
xd1201,Americas
xd1202,Americas
xd1203,Americas
xd1204,Americas
xd1205,Americas
xd1206,Americas
xd1207,Americas
xd1208,Americas
xd1209,Americas
xd1210,Americas
xd1211,Americas
xd1212,Americas
xd1213,Americas
xd1214,Americas
xd1216,Americas
xd1217,Americas
xd1218,Americas
xd1219,Americas
xd1220,Americas
xd1222,Americas
xd1223,Americas
xd1224,Americas
xd1225,Americas
xd1226,Americas
xd1227,Americas
xd1228,Americas
xd1230,Americas
xd1231,Americas
xd1232,Americas
xd1233,Americas
xd1234,Americas
xd1235,Americas
xd1236,Americas
xd1237,Americas
xd1238,Americas
xd1239,Americas
xd1240,Americas
xd1241,Americas
xd1242,Americas
xd1243,Americas
xd1244,Americas
xd1245,Americas
xd1246,Americas
xd1247,Americas
xd1248,Americas
xd1249,Americas
xd1251,Americas
xd1252,Americas
xd1253,Americas
xd1254,Americas
xd1255,Americas
xd1259,Americas
xd1260,Americas
xd1261,Americas
xd1262,Americas
xd1263,Americas
xd1264,Americas
xd1265,Americas
xd1266,Americas
xd1267,Americas
xd1268,Americas
xd1269,Americas
xd1270,Americas
xd1271,Americas
xd1272,Americas
xd1273,Americas
xd1274,Americas
xd1275,Americas
xd1276,Americas
xd1277,Americas
xd1278,Americas
xd1279,Americas
xd1280,Americas
xd1281,Americas
xd1282,Americas
xd1283,Americas
xd1284,Americas
xd1285,Americas
xd1286,Americas
xd1287,Americas
xd1288,Americas
xd1289,Americas
xd1290,Americas
xd1291,Americas
xd1292,Americas
xd1294,Americas
xd1295,Americas
xd1296,Americas
xd1297,Americas
xd1298,Americas
xd1299,Americas
xd1300,Americas
xd1301,Americas
xd1302,Americas
xd1303,Americas
xd1304,Americas
xd1305,Americas
xd1306,Americas
xd1307,Americas
xd1308,Americas
xd1309,Americas
xd1310,Americas
xd1311,Americas
xd1313,Americas
xd1314,Americas
xd1315,Americas
xd1316,Americas
xd1317,Americas
xd1318,Americas
xd1319,Americas
xd1320,Americas
xd1321,Americas
xd1322,Americas
xd1323,Americas
xd1324,Americas
xd1325,Americas
xd1326,Americas
xd1327,Americas
xd1328,Americas
xd1329,Americas
xd1330,Americas
xd1331,Americas
xd1332,Americas
xd1333,Americas
xd1335,Americas
xd1336,Americas
xd1337,Americas
xd1338,Americas
xd1339,Americas
xd1340,Americas
xd1341,Americas
xd1342,Americas
xd1343,Americas
xd1345,Americas
xd1346,Americas
xd1347,Americas
xd1348,Americas
xd1350,Americas
xd1351,Americas
xd1352,Americas
xd1353,Americas
xd1354,Americas
xd1355,Americas
xd1356,Americas
xd1357,Americas
xd1358,Americas
xd1359,Americas
xd1360,Americas
xd1361,Americas
xd1362,Americas
xd1363,Americas
xd1364,Americas
xd1365,Americas
xd1366,Americas
xd1367,Americas
xd1368,Americas
xd1369,Americas
xd1370,Americas
xd1371,Americas
xd1372,Americas
xd1373,Americas
xd1374,Americas
xd1375,Americas
xd1376,Americas
xd1377,Americas
xd1378,Americas
xd1379,Americas
xd1380,Americas
xd1381,Americas
xd1383,Americas
xd1384,Americas
xd1385,Americas
xd1386,Americas
xd1387,Americas
xd1388,Americas
xd1389,Americas
xd1390,Americas
xd1391,Americas
xd1392,Americas
xd1393,Americas
xd1394,Americas
xd1395,Americas
xd1396,Americas
xd1397,Americas
xd1398,Americas
xd1399,Americas
xd1400,Americas
xd1401,Americas
xd1402,Americas
xd1403,Americas
xd1404,Americas
xd1405,Americas
xd1406,Americas
xd1407,Americas
xd1408,Americas
xd1409,Americas
xd1410,Americas
xd1411,Americas
xd1412,Americas
xd1413,Americas
xd1414,Americas
xd1415,Americas
xd1416,Americas
xd1417,Americas
xd549,Eurasia
xd550,Eurasia
xd551,Eurasia
xd552,Eurasia
xd553,Eurasia
xd554,Eurasia
xd555,Eurasia
xd556,Eurasia
xd558,Eurasia
xd559,Eurasia
xd560,Eurasia
xd561,Eurasia
xd562,Eurasia
xd563,Eurasia
xd564,Eurasia
xd565,Eurasia
xd566,Eurasia
xd620,Eurasia
xd621,Eurasia
xd622,Americas
xd623,Eurasia
xd624,Eurasia
xd625,Eurasia
xd626,Eurasia
xd627,Eurasia
xd629,Eurasia
xd630,Eurasia